abat,3,3,2,2
abats,3,3,2,2
abattais,3,3,2,2
abattait,3,3,2,2
abattant,3,3,2,2
abatte,3,3,2,2
abattent,3,3,2,2
abattes,3,3,2,2
abattez,3,3,2,2
abattis,3,3,2,2
abattit,3,3,2,2
abattons,3,3,2,2
abattra,3,3,2,2
abattrai,3,3,2,2
abattras,3,3,2,2
abattre,3,3,2,2
abattrez,3,3,2,2
abattrons,3,3,2,2
abattront,3,3,2,2
abattu,3,3,2,2
abattues,3,3,2,2
abattus,3,3,2,2
abbattue,3,3,2,2
Abruti,3,3,2,1
Abrutie,3,3,2,1
Abruties,3,3,2,1
Abrutis,3,3,2,1
absinthe,3,3,3,2
absolut,3,3,2,1
abus,3,3,2,1
abusa,3,3,2,1
abusai,3,3,2,1
abusais,3,3,2,1
abusait,3,3,2,1
abusant,3,3,2,1
abusas,3,3,2,1
abuse,3,3,2,1
abusent,3,3,2,1
abuser,3,3,2,1
abusera,3,3,2,1
abuserai,3,3,2,1
abuserais,3,3,2,1
abuserais,3,3,2,1
abuserait,3,3,2,1
abuseras,3,3,2,1
abuserez,3,3,2,1
abuserons,3,3,2,1
abuseront,3,3,2,1
abuses,3,3,2,1
abusez,3,3,2,1
abusons,3,3,2,1
acide,2,2,1,0
addiction,3,3,3,3
agressa,3,3,3,3
agressai,3,3,3,3
agressais,3,3,3,3
agressait,3,3,3,3
agressant,3,3,3,3
agressas,3,3,3,3
agresse,3,3,3,3
agress?,3,3,3,3
agress?e,3,3,3,3
agress?es,3,3,3,3
agressent,3,3,3,3
agresser,3,3,3,3
agressera,3,3,3,3
agresserai,3,3,3,3
agresserais,3,3,3,3
agresserait,3,3,3,3
agresseras,3,3,3,3
agresserez,3,3,3,3
agresserons,3,3,3,3
agresseront,3,3,3,3
agresses,3,3,3,3
agress?s,3,3,3,3
agressez,3,3,3,3
agressif,3,3,3,3
agression,3,3,3,3
agressions,3,3,3,3
agressivit?,3,3,3,3
agressons,3,3,3,3
Aigrefin,3,3,2,2
Aigrefins,3,3,2,2
alcool,3,3,1,0
Alzheimer,3,2,1,0
amn?sique,3,2,1,0
amn?siques,3,2,1,0
Amph?tamines,3,3,3,3
anal,3,3,3,2
Andouille,2,2,1,0
Andouilles,2,2,1,0
aneanti,3,2,1,1
an?anti,3,2,1,1
aneantir,3,2,1,1
an?antir,3,2,1,1
aneantira,3,2,1,1
an?antira,3,2,1,1
aneantirai,3,2,1,1
an?antirai,3,2,1,1
aneantirais,3,2,1,1
an?antirais,3,2,1,1
aneantirait,3,2,1,1
an?antirait,3,2,1,1
aneantiras,3,2,1,1
an?antiras,3,2,1,1
aneantirez,3,2,1,1
an?antirez,3,2,1,1
aneantirons,3,2,1,1
an?antirons,3,2,1,1
aneantiront,3,2,1,1
an?antiront,3,2,1,1
aneantis,3,2,1,1
aneantis,3,2,1,1
an?antis,3,2,1,1
an?antis,3,2,1,1
aneantissais,3,2,1,1
an?antissais,3,2,1,1
aneantissait,3,2,1,1
an?antissait,3,2,1,1
aneantissant,3,2,1,1
an?antissant,3,2,1,1
aneantissement,3,2,1,1
an?antissement,3,2,1,1
aneantissent,3,2,1,1
an?antissent,3,2,1,1
aneantissez,3,2,1,1
an?antissez,3,2,1,1
aneantissons,3,2,1,1
an?antissons,3,2,1,1
aneantit,3,2,1,1
aneantit,3,2,1,1
an?antit,3,2,1,1
an?antit,3,2,1,1
angois?,3,2,1,1
angoisee,3,2,1,1
angois?e,3,2,1,1
angoissai,3,2,1,1
angoissais,3,2,1,1
angoisse,3,2,1,1
angoisser,3,2,1,1
angoissera,3,2,1,1
angoisserai,3,2,1,1
angoisserais,3,2,1,1
angoisseront,3,2,1,1
angoissez,3,2,1,1
angoissons,3,2,1,1
anisette,3,3,2,0
anorexie,3,3,2,1
anorexique,3,3,2,1
anorexiques,3,3,2,1
antisocial,3,3,2,2
Anus,3,3,2,0
anxiete,3,2,2,2
anxiet?,3,2,2,2
Anxi?t?,3,2,2,2
anxieuse,3,2,2,2
anxieux,3,2,2,2
anxieux,3,2,2,2
arma,3,3,2,1
armai,3,3,2,1
armais,3,3,2,1
armait,3,3,2,1
armant,3,3,2,1
armas,3,3,2,1
arme,3,3,2,1
arme,3,3,2,1
arm?,3,3,2,1
arm?e,3,3,2,1
arm?es,3,3,2,1
armement,3,3,2,1
arment,3,3,2,1
armer,3,3,2,1
armera,3,3,2,1
armerai,3,3,2,1
armerais,3,3,2,1
armerait,3,3,2,1
armeras,3,3,2,1
armerez,3,3,2,1
armerons,3,3,2,1
armeront,3,3,2,1
armes,3,3,2,1
armes,3,3,2,1
arm?s,3,3,2,1
armez,3,3,2,1
armons,3,3,2,1
Arsouille,3,3,3,3
Arsouilles,3,3,3,3
asocial,3,3,2,2
asociale,3,3,2,2
asociales,3,3,2,2
asocials,3,3,2,2
assassin,3,3,2,2
assassina,3,3,2,2
assassinai,3,3,2,2
assassinais,3,3,2,2
assassinait,3,3,2,2
assassinant,3,3,2,2
assassinas,3,3,2,2
assassinat,3,3,2,2
assassine,3,3,2,2
assassin?,3,3,2,2
assassin?e,3,3,2,2
assassin?es,3,3,2,2
assassinent,3,3,2,2
assassiner,3,3,2,2
assassinera,3,3,2,2
assassinerai,3,3,2,2
assassinerais,3,3,2,2
assassinerait,3,3,2,2
assassineras,3,3,2,2
assassinerez,3,3,2,2
assassinerons,3,3,2,2
assassineront,3,3,2,2
assassines,3,3,2,2
assassin?s,3,3,2,2
assassinez,3,3,2,2
assassinons,3,3,2,2
assassins,3,3,2,2
assaut,3,3,2,2
asshole,3,3,2,2
assistance,2,2,1,0
Assist?,2,2,1,0
Assist?e,2,2,1,0
Assist?es,2,2,1,0
Assist?s,2,2,1,0
Asticot,1,1,0,0
Asticots,1,1,0,0
atomique,2,1,0,0
atomiques,2,1,0,0
atomisa,2,2,2,1
atomisais,2,2,2,1
atomisait,2,2,2,1
atomisant,2,2,2,1
atomisas,2,2,2,1
atomise,2,2,2,1
atomis?,2,2,2,1
atomisee,2,2,2,1
atomisees,2,2,2,1
atomis?es,2,2,2,1
atomis?es,2,2,2,1
atomisent,2,2,2,1
atomiser,2,2,2,1
atomisera,2,2,2,1
atomiserai,2,2,2,1
atomiserais,2,2,2,1
atomiserait,2,2,2,1
atomiseras,2,2,2,1
atomiserez,2,2,2,1
atomiserons,2,2,2,1
atomiseront,2,2,2,1
atomises,2,2,2,1
atomis?s,2,2,2,1
atomiseur,2,2,2,1
atomisez,2,2,2,1
atomisons,2,2,2,1
attaqua,3,2,2,1
attaquai,3,2,2,1
attaquais,3,2,2,1
attaque,3,2,2,1
attaquer,3,2,2,1
attaquera,3,2,2,1
attaquerai,3,2,2,1
attaquerais,3,2,2,1
attaquerons,3,2,2,1
attaqueront,3,2,2,1
Attard?,3,3,3,3
Attard?e,3,3,3,3
Attard?es,3,3,3,3
Attard?s,3,3,3,3
attentat,3,3,3,3
autiste,3,2,1,1
autistes,3,2,1,1
autistique,3,2,1,1
autodestruction,3,3,3,3
autodestructions,3,3,3,3
Automutilation,3,3,3,3
avorta,3,3,3,2
avortai,3,3,3,2
avortais,3,3,3,2
avorte,3,3,3,2
avort?e,3,3,3,2
avorter,3,3,3,2
avortera,3,3,3,2
avorteras,3,3,3,2
avortion,3,3,3,2
Avorton,3,3,2,2
Avortons,3,3,2,2
Babache,2,2,1,1
Babaches,2,2,1,1
bagarais,3,3,2,1
bagarrai,3,3,2,1
bagarrait,3,3,2,1
bagarre,3,3,2,1
bagarr?,3,3,2,1
bagarree,3,3,2,1
bagarr?e,3,3,2,1
bagarrer,3,3,2,1
bagarrez,3,3,2,1
bagarrons,3,3,2,1
baisaient,3,3,2,1
baisais,3,3,2,1
baisait,3,3,2,1
bais?,3,3,2,1
baisee,3,3,2,1
bais?e,3,3,2,1
baiser,3,3,2,1
baisera,3,3,2,1
baiserais,3,3,2,1
baiserais,3,3,2,1
balck jack,3,3,2,1
Baltringue,3,3,3,3
Baltringues,3,3,3,3
Banane,1,1,0,0
Bananes,1,1,0,0
Bandit,2,2,1,0
Bandits,2,2,1,0
bang,3,3,2,1
Barjot,3,3,2,2
Barjots,3,3,2,2
baston,3,3,2,1
bat,3,3,2,1
Batard,3,3,2,1
Bat?rd,3,3,2,1
Batards,3,3,2,1
Bat?rds,3,3,2,1
bats,3,3,2,1
battra,3,3,2,1
battrai,3,3,2,1
battrais,3,3,2,1
battrait,3,3,2,1
battre,3,3,2,1
battrons,3,3,2,1
battront,3,3,2,1
battue,3,3,2,1
B?casse,2,2,1,1
B?casses,2,2,1,1
B?gueule,2,2,1,1
B?gueules,2,2,1,1
B?litre,3,2,2,1
B?litres,3,2,2,1
berna,3,3,2,1
bernai,3,3,2,1
bernais,3,3,2,1
bernait,3,3,2,1
bernant,3,3,2,1
bernas,3,3,2,1
berne,3,3,2,1
bern?,3,3,2,1
bern?e,3,3,2,1
bern?es,3,3,2,1
bernent,3,3,2,1
berner,3,3,2,1
bernera,3,3,2,1
bernerai,3,3,2,1
bernerais,3,3,2,1
bernerait,3,3,2,1
berneras,3,3,2,1
bernerez,3,3,2,1
bernerons,3,3,2,1
berneront,3,3,2,1
bernes,3,3,2,1
bern?s,3,3,2,1
bernez,3,3,2,1
bernons,3,3,2,1
bestial,3,3,2,1
bestiale,3,3,2,1
bestiales,3,3,2,1
Bestialit?,3,3,2,1
bete,2,1,1,1
B?te,2,1,1,1
betes,2,1,1,1
betise,2,1,0,0
b?tise,2,1,0,0
betises,2,1,0,0
b?tises,2,1,0,0
beur,3,3,2,1
beurs,3,3,2,1
beurs,3,3,2,1
biere,3,2,1,0
biere,3,2,1,0
bi?re,3,2,1,0
bi?res,3,2,1,0
bigleuse,3,2,1,0
bigleuses,3,2,1,0
Bigleux,3,2,1,0
binche,3,2,1,0
binouse,3,2,1,0
binouze,3,2,1,0
bipolaire,3,3,2,1
Bisexualit?,3,3,2,1
bite,3,2,1,0
bizarre,3,2,1,1
bizarres,3,2,1,1
blackjack,3,3,2,1
Blaireau,3,2,1,1
Blaireaux,3,2,1,1
blessa,3,3,2,1
blessai,3,3,2,1
blessais,3,3,2,1
blessait,3,3,2,1
blessent,3,3,2,1
blessent,3,3,2,1
blesser,3,3,2,1
blessera,3,3,2,1
blesseraient,3,3,2,1
blesseront,3,3,2,1
blessez,3,3,2,1
Boloss,3,3,2,1
bombe,2,1,1,1
bombe atomique,3,3,2,1
bombes,2,1,1,1
boobs,3,3,2,1
Bordel,3,3,2,1
borderline,3,2,1,1
Boudin,2,2,1,1
Boudins,2,2,1,1
Bouffon,3,3,2,1
Bouffonne,3,3,2,1
Bouffonnes,3,3,2,1
Bouffons,3,3,2,1
bougre,3,3,2,1
bougres,3,3,2,1
bougresse,3,3,2,1
bougresses,3,3,2,1
boukha,3,3,2,1
boule,3,3,2,1
boules,3,3,2,1
Boulet,3,3,2,1
Boulets,3,3,2,1
Boulette,3,3,2,1
Boulettes,3,3,2,1
boulimie,2,2,1,1
boum,2,1,0,0
bourbon,3,3,2,1
Bouricot,3,2,1,1
Bouricots,3,2,1,1
Bourique,3,2,1,1
Bouriquer,3,2,1,1
bourra,3,3,2,1
bourrai,3,3,2,1
bourrais,3,3,2,1
bourrait,3,3,2,1
bourrant,3,3,2,1
bourras,3,3,2,1
bourre,3,3,2,1
bourr?,3,3,2,1
bourr?e,3,3,2,1
bourr?es,3,3,2,1
bourrent,3,3,2,1
bourrer,3,3,2,1
bourrera,3,3,2,1
bourrerai,3,3,2,1
bourrerai,3,3,2,1
bourrerais,3,3,2,1
bourrerait,3,3,2,1
bourrerez,3,3,2,1
bourrerons,3,3,2,1
bourreront,3,3,2,1
bourres,3,3,2,1
bourr?s,3,3,2,1
bourrez,3,3,2,1
Bourrin,2,2,1,0
Bourrinne,2,2,1,0
Bourrinnes,2,2,1,0
Bourrins,2,2,1,0
bourriqu?,3,2,1,1
bourriqu?e,3,2,1,1
bourriqu?es,3,2,1,1
bourriqu?s,3,2,1,1
bourrons,3,3,2,1
Bouseux,3,3,2,1
boutonneu,1,1,1,0
boutonneuse,1,1,1,0
boutonneuse,1,1,1,0
Boutonneux,1,1,1,0
boxe,2,1,0,0
boxe tie,2,1,0,0
boxe-tie,2,1,0,0
boxetie,2,1,0,0
branla,3,3,2,1
branlai,3,3,2,1
branlais,3,3,2,1
branlait,3,3,2,1
branlant,3,3,2,1
branlas,3,3,2,1
branle,3,3,2,1
branl?,3,3,2,1
branl?e,3,3,2,1
branl?es,3,3,2,1
branlent,3,3,2,1
branler,3,3,2,1
branlera,3,3,2,1
branlerai,3,3,2,1
branlerais,3,3,2,1
branlerait,3,3,2,1
branleras,3,3,2,1
branlerez,3,3,2,1
branlerons,3,3,2,1
branleront,3,3,2,1
branles,3,3,2,1
branl?s,3,3,2,1
Branleur,3,3,2,1
branleurs,3,3,2,1
branleuse,3,3,2,1
branleuses,3,3,2,1
branleuses,3,3,2,1
branlez,3,3,2,1
branlons,3,3,2,1
Branquignole,2,2,1,0
Branquignoles,2,2,1,0
Br?le,2,2,1,0
breles,2,2,1,0
Brigand,3,2,1,1
Brigands,3,2,1,1
brutale,3,2,2,1
brutalisa,3,2,2,1
brutalisai,3,2,2,1
brutalisais,3,2,2,1
brutalisant,3,2,2,1
brutalise,3,2,2,1
brutalis?,3,2,2,1
brutalis?e,3,2,2,1
brutalis?es,3,2,2,1
brutaliser,3,2,2,1
brutaliser,3,2,2,1
brutaliserai,3,2,2,1
brutaliserais,3,2,2,1
brutalis?s,3,2,2,1
brutaliseur,3,2,2,1
brutalisez,3,2,2,1
brutalisons,3,2,2,1
brutalisont,3,2,2,1
brutasse,3,2,2,1
brute,3,2,2,1
brutes,3,2,2,1
bum,3,2,2,1
Burne,3,2,2,1
burnes,3,2,2,1
burnes,3,2,2,1
Cageot,2,2,1,1
cageots,2,2,1,1
Cagole,2,2,2,1
cagoles,2,2,2,1
cagoles,2,2,2,1
Canaille,3,2,2,2
canailles,3,2,2,2
Canaillou,3,2,2,2
cancer,3,2,2,2
cannabis,3,2,2,1
capot,3,3,2,1
Casse-pieds,2,1,1,0
Cassos,2,3,2,1
caster,3,3,2,1
Castration,3,3,2,1
Castrations,3,3,2,1
castre,3,3,2,1
castr?,3,3,2,1
castr?s,3,3,2,1
Catin,3,3,2,1
catins,3,3,2,1
Chafouin,1,1,0,0
Chafouine,1,1,0,0
Chafouines,1,1,0,0
Chafouins,1,1,0,0
chagrin,3,3,2,1
chagrins,3,3,2,1
champagne,3,2,1,0
Chastet?,3,3,3,3
Chastet?,3,3,3,3
chatte,3,3,3,3
Chenapan,1,0,0,0
Chenapans,1,0,0,0
Chiassard,3,2,1,0
chicha,2,2,1,0
chichas,2,2,1,0
Chieur,3,2,1,0
chieurs,3,2,1,0
chieurs,3,2,1,0
chieuse,3,2,1,0
chieuses,3,2,1,0
chite,3,3,3,2
chites,3,3,3,2
cigare,3,3,1,0
cigares,3,3,1,0
cigarette,3,3,1,0
cigarette ?lectronique,3,3,1,0
cigarettes,3,3,1,0
Cingl?,3,2,2,1
Cingl?e,3,2,2,1
Cingl?es,3,2,2,1
Cingl?s,3,2,2,1
Circoncision,2,2,1,0
Clampin,1,1,0,0
clampins,1,1,0,0
clinique,3,3,2,1
cliniques,3,3,2,1
clit,3,3,3,2
clitoris,3,3,2,2
Clodo,3,3,2,1
clodos,3,3,2,1
clope,3,2,1,0
clopes,3,2,1,0
Cocaine,3,3,2,2
Cocaine,3,3,2,2
Coca?ne,3,3,2,2
Coca?nes,3,3,2,2
cochone,3,3,2,1
cock,3,3,2,2
cocktails,2,2,1,0
Cocu,2,2,1,0
cocues,2,2,1,0
cocues,2,2,1,0
cocus,2,2,1,0
cogna,3,3,2,1
cognac,3,2,1,0
cognais,3,3,2,2
cognait,3,3,2,2
cogn?,3,3,2,2
cogn?e,3,3,2,2
cogn?e,3,3,2,2
cogner,3,3,2,2
cognerai,3,3,2,2
cognerais,3,3,2,2
cognons,3,3,2,2
Co?t,3,3,2,1
Co?t ,3,3,2,1
colere,3,2,1,0
Col?re,3,2,1,0
con,3,3,2,1
Conard,3,3,2,1
Conarde,3,3,2,1
Conardes,3,3,2,1
Conards,3,3,2,1
Conasse,3,3,2,1
conasses,3,3,2,1
Connard,3,3,2,1
Connarde,3,3,2,1
Connardes,3,3,2,1
Connards,3,3,2,1
Conne,3,3,2,1
Connes,3,3,2,1
cons,3,3,2,1
Contraception,3,3,2,1
copula,3,3,2,1
copulai,3,3,2,1
copulais,3,3,2,1
copulait,3,3,2,1
copulant,3,3,2,1
copulas,3,3,2,1
Copulation,3,3,2,1
Copulation,3,3,2,1
copule,3,3,2,1
copul?,3,3,2,1
copul?e,3,3,2,1
copul?es,3,3,2,1
copulent,3,3,2,1
copuler,3,3,2,1
copulera,3,3,2,1
copulerai,3,3,2,1
copulerais,3,3,2,1
copulerait,3,3,2,1
copuleras,3,3,2,1
copulerez,3,3,2,1
copulerons,3,3,2,1
copuleront,3,3,2,1
copules,3,3,2,1
copul?s,3,3,2,1
copulez,3,3,2,1
copulons,3,3,2,1
corona,3,2,1,0
corporelle,3,2,1,0
Couard,3,3,2,1
coucha,3,3,2,0
couchai,3,3,2,0
couchais,3,3,2,0
couchait,3,3,2,0
couchas,3,3,2,0
couche,3,3,2,0
couch?,3,3,2,0
couch?e,3,3,2,0
couch?es,3,3,2,0
couchent,3,3,2,0
coucher,3,3,2,0
couchera,3,3,2,0
coucherai,3,3,2,0
coucherais,3,3,2,0
coucherait,3,3,2,0
coucheras,3,3,2,0
coucherez,3,3,2,0
coucherons,3,3,2,0
coucheront,3,3,2,0
couches,3,3,2,0
couch?s,3,3,2,0
couchez,3,3,2,0
couchons,3,3,2,0
couille,3,3,2,1
couilles,3,3,2,1
Couillon,3,3,2,1
Couillonne,3,3,2,1
Couillonnes,3,3,2,1
Couillons,3,3,2,1
coup,3,3,2,2
coupa,3,3,2,2
coupai,3,3,2,2
coupais,3,3,2,2
coupait,3,3,2,2
coupe,3,3,2,2
coup?,3,3,2,2
coup?e,3,3,2,2
couper ,3,3,2,2
coupera,3,3,2,2
couperai,3,3,2,2
couperais,3,3,2,2
coupons,3,3,2,2
coups,3,3,2,2
crack,3,3,2,2
craidront,3,2,1,0
craigna,3,2,1,0
craignai,3,2,1,0
craignais,3,2,1,0
craignez,3,2,1,0
craignons,3,2,1,0
craindra,3,2,1,0
craindre,3,2,1,0
crains,3,2,1,0
craint,3,2,1,0
crainte,3,2,1,0
craintif,3,2,1,0
Crapule,2,2,1,0
crapules,2,2,1,0
Crasseuse,2,2,1,0
crasseuses,2,2,1,0
crasseux,2,2,1,0
Cretin,3,3,2,1
Cr?tin,3,3,2,1
Cretine,3,3,2,1
Cr?tine,3,3,2,1
Cretines,3,3,2,1
Cr?tines,3,3,2,1
Cretins,3,3,2,1
Cr?tins,3,3,2,1
Crevard,3,3,2,1
Crevarde,3,3,2,1
Crevardes,3,3,2,1
Crevards,3,3,2,1
crime,3,2,1,0
crimes,3,2,1,0
criminel,3,2,1,1
criminels,3,2,1,1
Cubains,3,2,0,0
Cul,3,3,2,1
culotte,3,3,1,0
culottes,3,3,1,0
Culs,3,3,2,1
Cunni,3,3,2,1
Cunnie,3,3,2,1
Cunnilingus,3,3,2,1
Cunnilingus,3,3,2,1
Debile,3,2,1,0
D?bile,3,2,1,0
Debiles,3,2,1,0
D?biles,3,2,1,0
Declin,3,2,1,0
D?clin,3,2,1,0
defonca,3,2,2,1
d?fonca,3,2,2,1
d?fonca,3,2,2,1
d?fon?a,3,2,2,1
defoncai,3,2,2,1
d?foncai,3,2,2,1
d?foncai,3,2,2,1
d?fon?ai,3,2,2,1
defoncais,3,2,2,1
d?foncais,3,2,2,1
d?foncais,3,2,2,1
d?fon?ais,3,2,2,1
defoncait,3,2,2,1
d?foncait,3,2,2,1
d?foncait,3,2,2,1
d?fon?ait,3,2,2,1
defoncas,3,2,2,1
d?foncas,3,2,2,1
d?foncas,3,2,2,1
d?fon?as,3,2,2,1
defonce,3,2,2,1
d?fonce,3,2,2,1
d?fonc?,3,2,2,1
d?fonc?e,3,2,2,1
d?fonc?es,3,2,2,1
defoncent,3,2,2,1
d?foncent,3,2,2,1
defoncer,3,2,2,1
defoncer,3,2,2,1
d?foncer,3,2,2,1
defoncera,3,2,2,1
d?foncera,3,2,2,1
defoncerai,3,2,2,1
d?foncerai,3,2,2,1
defoncerais,3,2,2,1
d?foncerais,3,2,2,1
defoncerait,3,2,2,1
d?foncerait,3,2,2,1
defonceras,3,2,2,1
d?fonceras,3,2,2,1
defoncerez,3,2,2,1
d?foncerez,3,2,2,1
defoncerons,3,2,2,1
d?foncerons,3,2,2,1
defonceront,3,2,2,1
d?fonceront,3,2,2,1
defonces,3,2,2,1
d?fonces,3,2,2,1
d?fonc?s,3,2,2,1
defoncez,3,2,2,1
d?foncez,3,2,2,1
defoncons,3,2,2,1
d?foncons,3,2,2,1
d?foncons,3,2,2,1
d?fon?ons,3,2,2,1
D?gueulasse,2,1,0,0
D?gueulasses,2,1,0,0
demence,3,2,1,0
d?mence,3,2,1,0
dependance,3,3,3,3
d?pendance,3,3,3,3
d?pendante,3,3,3,3
D?prav?,3,2,2,1
D?prav?e,3,2,2,1
Depraver,3,2,2,1
D?praver,3,2,2,1
d?pression,3,3,3,2
d?pressions,3,3,3,2
depucela,3,3,2,1
d?pucela,3,3,2,1
Depucelage,3,3,2,1
D?pucelage,3,3,2,1
Depucelages,3,3,2,1
D?pucelages,3,3,2,1
depucelai,3,3,2,1
d?pucelai,3,3,2,1
depucelais,3,3,2,1
d?pucelais,3,3,2,1
depucelait,3,3,2,1
d?pucelait,3,3,2,1
depucelant,3,3,2,1
d?pucelant,3,3,2,1
depucelas,3,3,2,1
d?pucelas,3,3,2,1
depucel?,3,3,2,1
d?pucel?,3,3,2,1
depucelee,3,3,2,1
depucel?e,3,3,2,1
d?pucel?e,3,3,2,1
depucelees,3,3,2,1
depucel?es,3,3,2,1
d?pucel?es,3,3,2,1
depuceles,3,3,2,1
depucel?s,3,3,2,1
d?pucel?s,3,3,2,1
depucelez,3,3,2,1
d?pucelez,3,3,2,1
depucelle,3,3,2,1
d?pucelle,3,3,2,1
depucellent,3,3,2,1
d?pucellent,3,3,2,1
depucellera,3,3,2,1
d?pucellera,3,3,2,1
depucellerai,3,3,2,1
d?pucellerai,3,3,2,1
depucellerais,3,3,2,1
d?pucellerais,3,3,2,1
depucellerait,3,3,2,1
d?pucellerait,3,3,2,1
depucelleras,3,3,2,1
d?pucelleras,3,3,2,1
depucellerez,3,3,2,1
d?pucellerez,3,3,2,1
depucellerons,3,3,2,1
d?pucellerons,3,3,2,1
depucelleront,3,3,2,1
d?pucelleront,3,3,2,1
depucelles,3,3,2,1
d?pucelles,3,3,2,1
depucelons,3,3,2,1
d?pucelons,3,3,2,1
Desir sexuel,3,3,2,2
D?sir sexuel,3,3,2,2
desira,3,3,1,0
d?sira,3,3,1,0
desirai,3,3,1,0
d?sirai,3,3,1,0
desirais,3,3,1,0
d?sirais,3,3,1,0
desirait,3,3,1,0
d?sirait,3,3,1,0
desirant,3,3,1,0
d?sirant,3,3,1,0
desiras,3,3,1,0
d?siras,3,3,1,0
desire,3,3,1,0
desir?,3,3,1,0
d?sire,3,3,1,0
d?sir?,3,3,1,0
desiree,3,3,1,0
desir?e,3,3,1,0
d?sir?e,3,3,1,0
desirees,3,3,1,0
desir?es,3,3,1,0
d?sir?es,3,3,1,0
desirent,3,3,1,0
d?sirent,3,3,1,0
desirera,3,3,1,0
d?sirera,3,3,1,0
desirerai,3,3,1,0
d?sirerai,3,3,1,0
desirerais,3,3,1,0
d?sirerais,3,3,1,0
desirerait,3,3,1,0
d?sirerait,3,3,1,0
desireras,3,3,1,0
d?sireras,3,3,1,0
desirerez,3,3,1,0
d?sirerez,3,3,1,0
desirerons,3,3,1,0
d?sirerons,3,3,1,0
desireront,3,3,1,0
d?sireront,3,3,1,0
desires,3,3,1,0
desires,3,3,1,0
desir?s,3,3,1,0
d?sires,3,3,1,0
d?sir?s,3,3,1,0
desirez,3,3,1,0
d?sirez,3,3,1,0
desirons,3,3,1,0
d?sirons,3,3,1,0
destruction,3,3,2,1
detesta,3,3,3,3
d?testa,3,3,3,3
detestai,3,3,3,3
d?testai,3,3,3,3
detestais,3,3,3,3
d?testais,3,3,3,3
detestait,3,3,3,3
d?testait,3,3,3,3
detestant,3,3,3,3
d?testant,3,3,3,3
detestas,3,3,3,3
d?testas,3,3,3,3
deteste,3,3,3,3
detest?,3,3,3,3
d?teste,3,3,3,3
d?test?,3,3,3,3
detest?e,3,3,3,3
d?test?e,3,3,3,3
detest?es,3,3,3,3
d?test?es,3,3,3,3
detestent,3,3,3,3
d?testent,3,3,3,3
detester,3,3,3,3
detester,3,3,3,3
d?tester,3,3,3,3
detestera,3,3,3,3
d?testera,3,3,3,3
detesterai,3,3,3,3
d?testerai,3,3,3,3
detesterais,3,3,3,3
d?testerais,3,3,3,3
detesterait,3,3,3,3
d?testerait,3,3,3,3
detesteras,3,3,3,3
d?testeras,3,3,3,3
detesterez,3,3,3,3
d?testerez,3,3,3,3
detesterons,3,3,3,3
d?testerons,3,3,3,3
detesteront,3,3,3,3
d?testeront,3,3,3,3
detestes,3,3,3,3
detest?s,3,3,3,3
d?testes,3,3,3,3
d?test?s,3,3,3,3
detestez,3,3,3,3
d?testez,3,3,3,3
detestons,3,3,3,3
d?testons,3,3,3,3
detresse,3,3,3,3
d?tresse,3,3,3,3
detresses,3,3,3,3
d?tresses,3,3,3,3
Detritus,3,3,3,3
D?tritus,3,3,3,3
detruira,3,3,3,3
d?truira,3,3,3,3
detruirai,3,3,3,3
d?truirai,3,3,3,3
detruirais,3,3,3,3
d?truirais,3,3,3,3
detruirait,3,3,3,3
d?truirait,3,3,3,3
detruiras,3,3,3,3
d?truiras,3,3,3,3
detruire,3,3,3,3
detruire,3,3,3,3
d?truire,3,3,3,3
detruirez,3,3,3,3
d?truirez,3,3,3,3
detruirons,3,3,3,3
d?truirons,3,3,3,3
detruiront,3,3,3,3
d?truiront,3,3,3,3
detruis,3,3,3,3
detruis,3,3,3,3
d?truis,3,3,3,3
d?truis,3,3,3,3
detruisais,3,3,3,3
d?truisais,3,3,3,3
detruisait,3,3,3,3
d?truisait,3,3,3,3
detruisant,3,3,3,3
d?truisant,3,3,3,3
detruise,3,3,3,3
d?truise,3,3,3,3
detruisent,3,3,3,3
d?truisent,3,3,3,3
detruisez,3,3,3,3
d?truisez,3,3,3,3
detruisis,3,3,3,3
d?truisis,3,3,3,3
detruisit,3,3,3,3
d?truisit,3,3,3,3
detruisons,3,3,3,3
d?truisons,3,3,3,3
detruit,3,3,3,3
detruit,3,3,3,3
d?truit,3,3,3,3
d?truit,3,3,3,3
dildo,3,3,2,1
doigta,3,3,2,1
doigtage,3,3,2,1
doigtages,3,3,2,1
doigtai,3,3,2,1
doigtais,3,3,2,1
doigtait,3,3,2,1
doigtant,3,3,2,1
doigtas,3,3,2,1
doigte,3,3,2,1
doigt?,3,3,2,1
doigt?e,3,3,2,1
doigt?es,3,3,2,1
doigtent,3,3,2,1
doigter,3,3,2,1
doigtera,3,3,2,1
doigterai,3,3,2,1
doigterais,3,3,2,1
doigterait,3,3,2,1
doigteras,3,3,2,1
doigterez,3,3,2,1
doigterons,3,3,2,1
doigteront,3,3,2,1
doigtes,3,3,2,1
doigt?s,3,3,2,1
doigtez,3,3,2,1
doigtons,3,3,2,1
drogua,3,3,3,2
droguai,3,3,3,2
droguais,3,3,3,2
droguait,3,3,3,2
droguant,3,3,3,2
droguas,3,3,3,2
drogue,3,3,3,2
drogu?,3,3,3,2
drogu?e,3,3,3,2
drogu?es,3,3,3,2
droguent,3,3,3,2
droguer,3,3,3,2
droguera,3,3,3,2
droguerai,3,3,3,2
droguerais,3,3,3,2
droguerait,3,3,3,2
drogueras,3,3,3,2
droguerez,3,3,3,2
droguerons,3,3,3,2
drogueront,3,3,3,2
drogues,3,3,3,2
drogu?s,3,3,3,2
droguez,3,3,3,2
droguons,3,3,3,2
Ducon,3,2,1,0
Dugland,3,2,1,0
Dysfonction,3,2,1,0
dyslexie,3,2,1,0
dyslexies,3,2,1,0
dyslexique,3,2,1,0
dyslexiques,3,2,1,0
e-cigarette,3,2,1,0
Ecervelee,3,3,2,1
Ecervelee,3,3,2,1
Ecervel?e,3,3,2,1
Ecervel?es,3,3,2,1
Ecerveles,3,3,2,1
Ecervel?s,3,3,2,1
ecorcha,3,3,3,2
?corcha,3,3,3,2
ecorchai,3,3,3,2
?corchai,3,3,3,2
ecorchais,3,3,3,2
?corchais,3,3,3,2
ecorchait,3,3,3,2
?corchait,3,3,3,2
ecorchant,3,3,3,2
?corchant,3,3,3,2
ecorchas,3,3,3,2
?corchas,3,3,3,2
ecorche,3,3,3,2
ecorch?,3,3,3,2
?corche,3,3,3,2
?corch?,3,3,3,2
ecorch?e,3,3,3,2
?corch?e,3,3,3,2
ecorch?es,3,3,3,2
?corch?es,3,3,3,2
ecorchent,3,3,3,2
?corchent,3,3,3,2
ecorcher,3,3,3,2
?corcher,3,3,3,2
ecorchera,3,3,3,2
?corchera,3,3,3,2
ecorcherai,3,3,3,2
?corcherai,3,3,3,2
ecorcherais,3,3,3,2
?corcherais,3,3,3,2
ecorcherait,3,3,3,2
?corcherait,3,3,3,2
ecorcheras,3,3,3,2
?corcheras,3,3,3,2
ecorcherez,3,3,3,2
?corcherez,3,3,3,2
ecorcherons,3,3,3,2
?corcherons,3,3,3,2
ecorcheront,3,3,3,2
?corcheront,3,3,3,2
ecorches,3,3,3,2
ecorch?s,3,3,3,2
?corches,3,3,3,2
?corch?s,3,3,3,2
ecorchez,3,3,3,2
?corchez,3,3,3,2
ecorchons,3,3,3,2
?corchons,3,3,3,2
ecstasy,3,3,3,2
egorgant,3,3,3,2
?gorge,3,3,3,2
?gorg?,3,3,3,2
?gorgea,3,3,3,2
?gorgeai,3,3,3,2
?gorgeais,3,3,3,2
?gorgeait,3,3,3,2
?gorgeas,3,3,3,2
?gorg?e,3,3,3,2
?gorg?es,3,3,3,2
?gorgent,3,3,3,2
?gorgeons,3,3,3,2
?gorger,3,3,3,2
?gorgera,3,3,3,2
?gorgerai,3,3,3,2
?gorgeras,3,3,3,2
?gorgerez,3,3,3,2
?gorgerons,3,3,3,2
?gorgeront,3,3,3,2
?gorges,3,3,3,2
?gorg?s,3,3,3,2
egorgeur,3,3,3,2
egorgeurs,3,3,3,2
egorgeuse,3,3,3,2
egorgeuses,3,3,3,2
?gorgez,3,3,3,2
?jacula,3,3,2,1
?jaculai,3,3,2,1
?jaculais,3,3,2,1
?jaculait,3,3,2,1
?jaculant,3,3,2,1
?jaculas,3,3,2,1
?jaculation,3,3,2,1
?jacule,3,3,2,1
?jacul?,3,3,2,1
?jacul?e,3,3,2,1
?jacul?es,3,3,2,1
?jaculent,3,3,2,1
ejaculer,3,3,2,1
?jaculer,3,3,2,1
?jaculera,3,3,2,1
?jaculerai,3,3,2,1
?jaculerais,3,3,2,1
?jaculerait,3,3,2,1
?jaculeras,3,3,2,1
?jaculerez,3,3,2,1
?jaculerons,3,3,2,1
?jaculeront,3,3,2,1
?jaculeront,3,3,2,1
?jacules,3,3,2,1
?jacul?s,3,3,2,1
?jaculez,3,3,2,1
?jaculons,3,3,2,1
emmerdeur,3,2,1,0
Emmerdeurs,3,2,1,0
emmerdeuse,3,2,1,0
emmerdeuses,3,2,1,0
Empaff?,3,3,2,2
Empaff?s,3,3,2,2
Empl?tre,2,2,1,1
empoisonna,3,3,2,1
empoisonnai,3,3,2,1
empoisonnais,3,3,2,1
empoisonnait,3,3,2,1
empoisonnant,3,3,2,1
empoisonnas,3,3,2,1
empoisonne,3,3,2,1
empoisonn?,3,3,2,1
empoisonn?e,3,3,2,1
empoisonn?es,3,3,2,1
empoisonnemant,3,3,2,1
empoisonnent,3,3,2,1
empoisonner,3,3,2,1
empoisonnera,3,3,2,1
empoisonneras,3,3,2,1
empoisonnerez,3,3,2,1
empoisonnerons,3,3,2,1
empoisonneront,3,3,2,1
empoisonnes,3,3,2,1
empoisonn?s,3,3,2,1
empoisonnez,3,3,2,1
empoisonnons,3,3,2,1
empot?,3,3,2,1
empotee,3,3,2,1
empot?e,3,3,2,1
empoter,3,3,2,1
enculade,3,3,2,1
enculais,3,3,2,1
Encul?,3,3,2,1
encul?e,3,3,2,1
enculer,3,3,2,1
enculera,3,3,2,1
enculerai,3,3,2,1
enculerais,3,3,2,1
enervais,3,2,1,0
enervant,3,2,1,0
?nervant,3,2,1,0
enervas,3,2,1,0
?nerv?e,3,2,1,0
enerver,3,2,1,0
?nerver,3,2,1,0
?nervera,3,2,1,0
?nerverai,3,2,1,0
enerverais,3,2,1,0
enerverais,3,2,1,0
?nerverais,3,2,1,0
?nerveras,3,2,1,0
Enflure,2,2,1,0
enflures,2,2,1,0
enfoir?,3,3,2,1
Enfoir?,3,3,2,1
enfoiree,3,3,2,1
enfoir?e,3,3,2,1
enfoir?es,3,3,2,1
enfoirer,3,3,2,1
enfoir?s,3,3,2,1
entre jambe,2,2,1,0
entre jambes,2,2,1,0
entrejambes,2,2,1,0
epee,2,2,1,0
?pee,2,2,1,0
?p?e,2,2,1,0
erection,3,2,1,0
?rection,3,2,1,0
?rection,3,2,1,0
?rog?ne,3,3,3,2
?rog?nes,3,3,3,2
erotic,3,2,2,0
erotique,3,2,2,0
erotique,3,2,2,0
?rotique,3,2,2,0
erotiques,3,2,2,0
?rotiques,3,2,2,0
erotisme,3,2,2,0
?rotisme,3,2,2,0
Erreur De La Nature,3,2,2,1
Etrangla,3,3,3,2
?trangla,3,3,3,2
Etranglai,3,3,3,2
?tranglai,3,3,3,2
Etranglais,3,3,3,2
?tranglais,3,3,3,2
Etranglait,3,3,3,2
?tranglait,3,3,3,2
Etranglas,3,3,3,2
?tranglas,3,3,3,2
Etrangle,3,3,3,2
Etrangl?,3,3,3,2
?trangle,3,3,3,2
?trangl?,3,3,3,2
Etrangl?e,3,3,3,2
?trangl?e,3,3,3,2
Etrangl?es,3,3,3,2
?trangl?es,3,3,3,2
Etranglent,3,3,3,2
?tranglent,3,3,3,2
Etrangler,3,3,3,2
?trangler,3,3,3,2
Etranglera,3,3,3,2
?tranglera,3,3,3,2
Etranglerai,3,3,3,2
?tranglerai,3,3,3,2
Etranglerais,3,3,3,2
?tranglerais,3,3,3,2
Etranglerait,3,3,3,2
?tranglerait,3,3,3,2
Etrangleras,3,3,3,2
?trangleras,3,3,3,2
Etranglerez,3,3,3,2
?tranglerez,3,3,3,2
Etranglerons,3,3,3,2
Etranglerons,3,3,3,2
?tranglerons,3,3,3,2
?tranglerons,3,3,3,2
Etrangleront,3,3,3,2
?trangleront,3,3,3,2
Etrangles,3,3,3,2
Etrangl?s,3,3,3,2
?trangles,3,3,3,2
?trangl?s,3,3,3,2
Etranglez,3,3,3,2
?tranglez,3,3,3,2
Etranglons,3,3,3,2
?tranglons,3,3,3,2
Eunuque,2,2,1,0
Eunuques,2,2,1,0
evitante,2,2,1,0
?vitante,2,2,1,0
?vitantes,2,2,1,0
excita,3,3,2,1
excitai,3,3,2,1
excitais,3,3,2,1
excitait,3,3,2,1
excitant,3,3,2,1
excitas,3,3,2,1
excitation,3,3,2,1
Excitation,3,3,2,1
excite,3,3,2,1
excit?,3,3,2,1
excit?e,3,3,2,1
excit?es,3,3,2,1
excitent,3,3,2,1
exciter,3,3,2,1
excitera,3,3,2,1
exciterai,3,3,2,1
exciterais,3,3,2,1
exciterait,3,3,2,1
exciteras,3,3,2,1
exciterez,3,3,2,1
exciterons,3,3,2,1
exciteront,3,3,2,1
excites,3,3,2,1
excit?s,3,3,2,1
exciteur,3,3,2,1
exciteurs,3,3,2,1
exciteuse,3,3,2,1
exciteuses,3,3,2,1
excitez,3,3,2,1
excitons,3,3,2,1
Exhibitionnisme,3,3,2,2
extase,3,2,2,1
extermina,4,4,3,3
exterminai,4,4,3,3
exterminais,4,4,3,3
exterminait,4,4,3,3
exterminant,4,4,3,3
exterminas,4,4,3,3
extermination,4,4,3,3
extermine,4,4,3,3
extermin?,4,4,3,3
extermin?e,4,4,3,3
extermin?es,4,4,3,3
exterminent,4,4,3,3
exterminer,4,4,3,3
exterminera,4,4,3,3
extermineras,4,4,3,3
exterminerons,4,4,3,3
extermineront,4,4,3,3
extermines,4,4,3,3
extermin?s,4,4,3,3
exterminez,4,4,3,3
exterminons,4,4,3,3
facha,2,1,1,0
f?cha,2,1,1,0
fachai,2,1,1,0
f?chai,2,1,1,0
fachais,2,1,1,0
f?chais,2,1,1,0
fachait,2,1,1,0
f?chait,2,1,1,0
fachant,2,1,1,0
f?chant,2,1,1,0
fachas,2,1,1,0
f?chas,2,1,1,0
fache,2,1,1,0
fach?,2,1,1,0
f?che,2,1,1,0
f?ch?,2,1,1,0
fach?e,2,1,1,0
f?ch?e,2,1,1,0
fach?es,2,1,1,0
f?ch?es,2,1,1,0
fachent,2,1,1,0
f?chent,2,1,1,0
facher,2,1,1,0
f?cher,2,1,1,0
fachera,2,1,1,0
f?chera,2,1,1,0
facherai,2,1,1,0
f?cherai,2,1,1,0
facherais,2,1,1,0
f?cherais,2,1,1,0
facherait,2,1,1,0
f?cherait,2,1,1,0
facheras,2,1,1,0
f?cheras,2,1,1,0
facherez,2,1,1,0
f?cherez,2,1,1,0
facheront,2,1,1,0
f?cheront,2,1,1,0
faches,2,1,1,0
fach?s,2,1,1,0
f?ches,2,1,1,0
f?ch?s,2,1,1,0
fachez,2,1,1,0
f?chez,2,1,1,0
fachons,2,1,1,0
f?chons,2,1,1,0
Fantasme,2,2,1,0
Fantasmes,2,2,1,0
fellation,3,3,2,0
Fellations,3,3,2,0
fesse,3,3,2,0
fesses,3,3,2,0
F?tichisme,3,3,2,2
feu,2,1,0,0
Fiente,2,1,0,0
fientes,2,1,0,0
fils de putain,4,4,3,3
fils de pute,4,4,3,3
Fion,2,2,1,0
fions,2,2,1,0
Fiote,2,2,1,0
fiotes,2,2,1,0
flingua,3,3,2,1
flinguai,3,3,2,1
flinguais,3,3,2,1
flinguait,3,3,2,1
flinguant,3,3,2,1
flinguas,3,3,2,1
flingue,3,3,2,1
flingue,3,3,2,1
flingu?,3,3,2,1
flingu?e,3,3,2,1
flingu?es,3,3,2,1
flinguent,3,3,2,1
flinguer,3,3,2,1
flinguera,3,3,2,1
flinguerai,3,3,2,1
flinguerais,3,3,2,1
flinguerait,3,3,2,1
flingueras,3,3,2,1
flinguerez,3,3,2,1
flinguerons,3,3,2,1
flingueront,3,3,2,1
flingues,3,3,2,1
flingues,3,3,2,1
flingu?s,3,3,2,1
flinguez,3,3,2,1
flinguons,3,3,2,1
foireuse,1,1,0,0
foireuses,1,1,0,0
Foireux,1,1,0,0
Foldingue,2,2,1,1
Foldingues,2,2,1,1
Fourbe,2,2,1,0
fourbes,2,2,1,0
foutre,3,3,2,1
Frapadingue,1,1,1,0
Frapadingues,1,1,1,0
frappais,3,2,1,1
frappait,3,2,1,1
Frappe,3,2,1,1
frappe,3,2,1,1
frapper,3,2,1,1
frappera,3,2,1,1
frapperas,3,2,1,1
Frappes,3,2,1,1
Freluquet,1,1,0,0
Freluquets,1,1,0,0
Fricoteur,1,1,1,0
Fricoteurs,1,1,1,0
fricoteuse,1,1,1,0
fricoteuses,1,1,1,0
Fripouille,2,1,1,0
Fripouilles,2,1,1,0
fruster,3,2,1,1
Frustr?,3,2,1,1
frustree,3,2,1,1
Frustr?e,3,2,1,1
Frustr?es,3,2,1,1
frustres,3,2,1,1
fuck,3,3,2,1
fuma,3,2,1,0
fumai,3,2,1,0
fumais,3,2,1,0
fumait,3,2,1,0
fumant,3,2,1,0
fumas,3,2,1,0
fume,3,2,1,0
fum?,3,2,1,0
fume cigare,3,2,1,0
fume-cigare,3,2,1,0
fum?e,3,2,1,0
fum?es,3,2,1,0
fument,3,2,1,0
fumer,3,2,1,0
fumera,3,2,1,0
fumerai,3,2,1,0
fumerais,3,2,1,0
fumerait,3,2,1,0
fumeras,3,2,1,0
fumerez,3,2,1,0
fumerons,3,2,1,0
fumeront,3,2,1,0
fumes,3,2,1,0
fum?s,3,2,1,0
fumeur,3,2,1,0
fumeurs,3,2,1,0
fumeuse,3,2,1,0
fumeuses,3,2,1,0
fumez,3,2,1,0
Fumier,3,2,1,0
Fumiers,3,2,1,0
Fumiste,3,2,1,0
Fumistes,3,2,1,0
fumons,3,2,1,0
gafe,3,2,1,0
gafes,3,2,1,0
gaffe,3,2,1,0
gaffes,3,2,1,0
gangbang,4,3,2,2
G?nitalit?,3,3,2,1
g?nitalit?s,3,3,2,1
genocide,4,4,4,3
g?nocide,4,4,4,3
genocides,4,4,4,3
g?nocides,4,4,4,3
GHB,3,3,2,2
gin,2,2,1,1
glaive,1,1,0,0
Gland,2,2,1,0
Glandeur,2,2,1,0
glandeurs,2,2,1,0
glandeuse,2,2,1,0
glandeuses,2,2,1,0
glands,2,2,1,0
gode,3,3,2,1
godemich?,3,3,2,1
godemich?s,3,3,2,1
godemichet,3,3,2,1
godemichets,3,3,2,1
godes,3,3,2,1
Gogol,2,1,1,0
gogols,2,1,1,0
Goinfre,1,1,0,0
goinfres,1,1,0,0
gorge profonde,3,3,2,1
Gringalet,2,1,1,0
gringalets,2,1,1,0
Grognasse,3,2,2,1
grognasses,3,2,2,1
gros,3,2,1,0
grosse,3,2,1,0
grosses,3,2,1,0
guerre,2,1,0,0
guerres,2,1,0,0
gueulante,3,2,1,1
gueule,3,2,1,0
gueules,3,2,1,0
Gugus,3,2,1,0
guignol,2,2,1,0
Guignol,2,1,0,0
guignols,2,1,0,0
gun,3,3,2,2
guns,3,3,2,2
hallucination,3,3,2,1
hallucinations,3,3,2,1
hallucinatoire,3,3,2,1
Hallucinog?nes,3,3,2,1
harcela,4,4,3,3
harcelai,4,4,3,3
harcelais,4,4,3,3
harcelement,4,4,3,3
harc?lement,4,4,3,3
harceler,4,4,3,3
harcelera,4,4,3,3
harc?lera,4,4,3,3
harcelerai,4,4,3,3
harc?lerai,4,4,3,3
harcelerais,4,4,3,3
harcelerais,4,4,3,3
harcelerons,4,4,3,3
harc?lerons,4,4,3,3
harc?lez,4,4,3,3
harcelez,4,4,3,3
harc?lons,4,4,3,3
harcelons,4,4,3,3
Has-been,2,2,1,0
heineken,3,2,1,0
herceleront,4,4,3,3
herc?leront,4,4,3,3
H?r?tique,3,3,2,0
H?r?tiques,3,3,2,0
Hermaphrodisme,3,3,2,1
h?ro?ne,3,3,2,2
Heterophobie,2,1,1,0
H?t?rophobie,2,1,1,0
high,3,3,2,1
Homophobie,3,3,2,2
Homosexualite,3,3,2,1
Homosexualit?,3,3,2,1
honte,3,2,1,0
honteuse,3,2,1,0
honteux,3,2,1,0
Idiot,3,2,1,0
idiote,3,2,1,0
idiotes,3,2,1,0
idiots,3,2,1,0
ignare,3,3,2,1
ignares,3,3,2,1
Illettr?,2,2,1,0
Illettree,2,2,1,0
Illettr?e,2,2,1,0
Illettr?es,2,2,1,0
illettrer,2,2,1,0
Illettr?s,2,2,1,0
imbecile,3,2,2,1
imb?cile,3,2,2,1
imbeciles,3,2,2,1
Imb?ciles,3,2,2,1
Impudeur,1,1,0,0
impulsion,2,2,1,1
impulsions,2,2,1,1
Inceste,4,4,3,3
Ind?cence,3,2,2,1
insulta,3,3,2,2
insultai,3,3,2,2
insultais,3,3,2,2
insultant,3,3,2,2
insulte,3,3,2,2
insult?,3,3,2,2
insult?e,3,3,2,2
insulter,3,3,2,2
insultera,3,3,2,2
insulterai,3,3,2,2
insulterais,3,3,2,2
insulterons,3,3,2,2
insulteront,3,3,2,2
insultons,3,3,2,2
intimidais,3,3,2,1
intimidait,3,3,2,1
intimidation,3,3,2,1
intimide,3,3,2,1
intimid?,3,3,2,1
intimid?e,3,3,2,1
intimid?es,3,3,2,1
intimidera,3,3,2,1
intimiderai,3,3,2,1
intimiderais,3,3,2,1
intimiderait,3,3,2,1
intimideras,3,3,2,1
intimiderons,3,3,2,1
intimides,3,3,2,1
intimid?s,3,3,2,1
intimidez,3,3,2,1
intimidons,3,3,2,1
irritais,3,2,2,1
irritation,3,2,2,1
irrite,3,2,2,1
irriter,3,2,2,1
irritera,3,2,2,1
ivre,3,2,2,1
Ivrogne,3,2,2,1
ivrognes,3,2,2,1
jack daniels,3,2,1,0
jetai,1,1,0,0
jetaient,1,1,0,0
jetais,1,1,0,0
jetait,1,1,0,0
jetent,1,1,0,0
jeter,1,1,0,0
k?tamine,3,3,2,2
Khat,3,3,2,2
l’ecstasy,3,3,2,2
l?cha,2,2,1,1
lechage,2,2,1,1
l?chage,2,2,1,1
lechai,2,2,1,1
l?chai,2,2,1,1
lechais,2,2,1,1
l?chais,2,2,1,1
L?che-cul,3,3,2,1
lecher,2,2,1,1
l?cher,2,2,1,1
l?chera,2,2,1,1
l?cherai,2,2,1,1
lepreuse,3,3,3,2
l?preuse,3,3,3,2
lepreuses,3,3,3,2
l?preuses,3,3,3,2
L?preux,3,3,3,2
lesbienne,3,3,3,3
lesbiennes,3,3,3,3
Libido,3,3,2,2
liqueur,3,3,1,0
lsd,3,3,3,3
Lub,3,3,2,1
Lubrification,3,3,3,2
mal,3,3,1,0
malade,1,1,0,0
malades,1,1,0,0
maladies,1,1,0,0
maladies,1,1,0,0
malfaiteur,3,3,2,1
malfaiteurs,3,3,2,1
malmenai,3,3,2,1
malmenais,3,3,2,1
malmenait,3,3,2,1
malmene,3,3,2,1
malmen?,3,3,2,1
malm?ne,3,3,2,1
malmener,3,3,2,1
malmenera,3,3,2,1
malm?nera,3,3,2,1
malmenerai,3,3,2,1
malm?nerai,3,3,2,1
malmenerais,3,3,2,1
malm?nerais,3,3,2,1
malmenerons,3,3,2,1
malm?nerons,3,3,2,1
malmeneront,3,3,2,1
malm?neront,3,3,2,1
malmenez,3,3,2,1
malmenons,3,3,2,1
malmenont,3,3,2,1
Malotru,3,3,2,1
malotrue,3,3,2,1
malotrues,3,3,2,1
malotrus,3,3,2,1
Malpropre,3,2,1,0
Malpropres,3,2,1,0
Manie,3,2,1,0
Manies,3,2,1,0
martyrisa,3,3,2,2
martyrisai,3,3,2,2
martyrisais,3,3,2,2
martyrisait,3,3,2,2
martyrisant,3,3,2,2
martyrisas,3,3,2,2
martyrise,3,3,2,2
martyris?,3,3,2,2
martyris?e,3,3,2,2
martyris?es,3,3,2,2
martyriser,3,3,2,2
martyrisera,3,3,2,2
martyriserai,3,3,2,2
martyriseras,3,3,2,2
martyriserez,3,3,2,2
martyriserons,3,3,2,2
martyriseront,3,3,2,2
martyrises,3,3,2,2
martyris?s,3,3,2,2
martyrisez,3,3,2,2
martyrisons,3,3,2,2
Masochisme,3,3,3,3
masturba,3,3,2,1
masturbai,3,3,2,1
masturbais,3,3,2,1
masturbait,3,3,2,1
masturbant,3,3,2,1
masturbas,3,3,2,1
Masturbation,3,3,2,1
masturbe,3,3,2,1
masturb?,3,3,2,1
masturb?e,3,3,2,1
masturb?es,3,3,2,1
masturbent,3,3,2,1
masturber,3,3,2,1
masturbera,3,3,2,1
masturberai,3,3,2,1
masturberais,3,3,2,1
masturberais,3,3,2,1
masturberait,3,3,2,1
masturberas,3,3,2,1
masturberez,3,3,2,1
masturberons,3,3,2,1
masturberont,3,3,2,1
masturbes,3,3,2,1
masturb?s,3,3,2,1
masturbez,3,3,2,1
masturbons,3,3,2,1
mauvais,2,2,1,1
MDMA,3,3,3,3
Mechant,2,2,1,1
Mechante,2,2,1,1
M?chante,2,2,1,1
Mechantes,2,2,1,1
M?chantes,2,2,1,1
Mechants,2,2,1,1
M?chants,2,2,1,1
Mecreant,2,2,1,1
M?cr?ant,2,2,1,1
Mecreante,2,2,1,1
M?cr?ante,2,2,1,1
Mecreantes,2,2,1,1
M?cr?antes,2,2,1,1
Mecreants,2,2,1,1
M?cr?ants,2,2,1,1
mefiance,2,2,1,1
m?fiance,2,2,1,1
mefiances,2,2,1,1
m?fiances,2,2,1,1
Megalo,2,2,1,1
M?galo,2,2,1,1
M?galomanie,2,2,1,1
menaca,3,3,2,2
mena?a,3,3,2,2
menacai,3,3,2,2
mena?ai,3,3,2,2
menacais,3,3,2,2
mena?ais,3,3,2,2
menacait,3,3,2,2
mena?ait,3,3,2,2
mena?ant,3,3,2,2
menacas,3,3,2,2
mena?as,3,3,2,2
menace,3,3,2,2
menac?,3,3,2,2
menac?e,3,3,2,2
menac?es,3,3,2,2
menacent,3,3,2,2
menacer,3,3,2,2
menacera,3,3,2,2
menacerai,3,3,2,2
menacerais,3,3,2,2
menacerait,3,3,2,2
menaceras,3,3,2,2
menacerez,3,3,2,2
menacerons,3,3,2,2
menaceront,3,3,2,2
menaces,3,3,2,2
menac?s,3,3,2,2
menacez,3,3,2,2
menacons,3,3,2,2
mena?ons,3,3,2,2
M?nopause,3,2,1,0
mens,2,2,1,0
mensonge,3,2,2,1
mensonges,3,2,2,1
ment,3,2,2,1
mentais,3,2,2,1
mentait,3,2,2,1
mentant,3,2,2,1
mentent,3,2,2,1
menteur,3,2,2,1
menteurs,3,2,2,1
menteuse,3,2,2,1
menteuses,3,2,2,1
mentez,3,2,2,1
mentez,3,2,2,1
menti,3,2,2,1
mentira,3,2,2,1
mentirai,3,2,2,1
mentirais,3,2,2,1
mentirait,3,2,2,1
mentiras,3,2,2,1
mentirez,3,2,2,1
mentirons,3,2,2,1
mentiront,3,2,2,1
mentis,3,2,2,1
mentit,3,2,2,1
mentons,3,2,2,1
m?ph?drone,4,4,3,3
m?ph?drones,4,4,3,3
Merdasse,3,2,2,0
Merde,3,2,2,0
merdes,3,2,2,0
merdier,3,2,2,1
m?thadone,3,3,3,3
m?thox?tamine,3,3,3,3
m?thyl?nedioxym?thamph?tamine,3,3,3,3
meurtre,3,3,3,3
meurtrier,3,3,3,3
meurtriers,3,3,3,3
meurtrirai,3,3,3,3
meurtriras,3,3,3,3
meurtrirons,3,3,3,3
meurtris,3,3,3,3
meurtrit,3,3,3,3
MILF,3,3,3,3
Minable,3,2,1,1
Minables,3,2,1,1
minette,3,3,2,2
minettes,3,3,2,2
Minus,2,2,1,1
Miteux,3,2,2,1
mito,3,3,2,1
mitos,3,3,2,1
Moins Que Rien,3,3,2,1
mojito,3,3,1,0
Mongol,2,2,1,0
mongols,2,2,1,0
Mononeuronal,2,2,2,1
moqua,3,2,2,1
moquai,3,2,2,1
moquais,3,2,2,1
moquais,3,2,2,1
moquait,3,2,2,1
moquant,3,2,2,1
moquas,3,2,2,1
moque,3,2,2,1
moqu?,3,2,2,1
moqu?e,3,2,2,1
moqu?es,3,2,2,1
moquent,3,2,2,1
moquer,3,2,2,1
moquera,3,2,2,1
moquerai,3,2,2,1
moqueras,3,2,2,1
moquerez,3,2,2,1
moquerons,3,2,2,1
moqueront,3,2,2,1
moques,3,2,2,1
moqu?s,3,2,2,1
moquez,3,2,2,1
moquons,3,2,2,1
Morfale,2,2,1,0
morfales,2,2,1,0
mort,3,3,2,2
morts,3,3,2,2
Morveux,2,2,1,0
Motherfucker,4,4,3,3
motherfuckers,4,4,3,3
mutila,4,4,4,3
mutilai,4,4,4,3
mutilais,4,4,4,3
mutilait,4,4,4,3
mutilant,4,4,4,3
mutilas,4,4,4,3
mutilation,4,4,4,3
mutilation,4,4,4,3
mutilations,4,4,4,3
mutile,4,4,4,3
mutil?,4,4,4,3
mutilee,4,4,4,3
mutil?e,4,4,4,3
mutil?es,4,4,4,3
mutilent,4,4,4,3
mutiler,4,4,4,3
mutilerai,4,4,4,3
mutilerais,4,4,4,3
mutilerait,4,4,4,3
mutileras,4,4,4,3
mutilerez,4,4,4,3
mutilerons,4,4,4,3
mutileront,4,4,4,3
mutiles,4,4,4,3
mutiles,4,4,4,3
mutil?s,4,4,4,3
mutilez,4,4,4,3
mutilons,4,4,4,3
MXE,3,3,3,3
Nabot,3,2,2,0
nabote,3,2,2,0
nabotes,3,2,2,0
nabots,3,2,2,0
Nain De Jardin,3,2,2,0
Nanar,3,2,2,0
nanars,3,2,2,0
narcissique,3,3,2,1
narcissiques,3,3,2,1
nargila,2,2,1,0
nargilas,2,2,1,0
nargua,2,2,1,0
narguage,2,2,1,0
narguai,2,2,1,0
narguais,2,2,1,0
narguait,2,2,1,0
narguant,2,2,1,0
narguant,2,2,1,0
narguas,2,2,1,0
nargue,2,2,1,0
nargu?,2,2,1,0
nargu?e,2,2,1,0
nargu?es,2,2,1,0
narguent,2,2,1,0
narguera,2,2,1,0
narguerai,2,2,1,0
narguerais,2,2,1,0
narguerait,2,2,1,0
nargueras,2,2,1,0
narguerez,2,2,1,0
narguerons,2,2,1,0
nargueront,2,2,1,0
nargues,2,2,1,0
nargu?s,2,2,1,0
nargueur,2,2,1,0
nargueurs,2,2,1,0
nargueuse,2,2,1,0
nargueuses,2,2,1,0
narguez,2,2,1,0
narguons,2,2,1,0
Naze,2,1,0,0
nazes,2,1,0,0
nazi,3,3,2,2
nazis,3,3,2,2
Necrop?dophile,4,4,4,4
Necrop?dophiles,4,4,4,4
N?crophile,4,4,4,4
N?crophiles,4,4,4,4
Necrophilie,4,4,4,4
N?crophilie,4,4,4,4
N?gligence,2,2,1,0
negre,4,4,4,4
N?gre,4,4,4,4
negres,4,4,4,4
N?gres,4,4,4,4
negro,4,4,4,3
n?gro,4,4,4,3
negros,4,4,4,3
n?gros,4,4,4,3
nicotine,3,3,3,3
nicotines,3,3,3,3
niqua,4,4,3,3
niquage,4,4,3,3
niquai,4,4,3,3
niquais,4,4,3,3
niquais,4,4,3,3
niquait,4,4,3,3
niquant,4,4,3,3
niquas,4,4,3,3
nique,4,4,3,3
niquent,4,4,3,3
niquer,4,4,3,3
niquera,4,4,3,3
niquerai,4,4,3,3
niquerais,4,4,3,3
niquerait,4,4,3,3
niqueras,4,4,3,3
niquerez,4,4,3,3
niquerons,4,4,3,3
niqueront,4,4,3,3
niques,4,4,3,3
niquez,4,4,3,3
niquons,4,4,3,3
Noob,3,2,1,0
noobs,3,2,1,0
nympho,4,3,3,3
Nymphomanic,4,3,3,3
Nymphomanie,4,3,3,3
Nymphomanique,4,3,3,3
nymphos,4,3,3,3
Obscenit?,3,3,3,2
Obsc?nite,3,3,3,2
Obsc?nit?,3,3,3,2
Obscenit?s,3,3,3,2
Obsc?nites,3,3,3,2
Obsc?nit?s,3,3,3,2
Obsc?nit?s,3,3,3,2
Obsede,3,3,3,2
Obs?de,3,3,3,2
Obsedee,3,3,3,2
Obs?dee,3,3,3,2
Obs?d?e,3,3,3,2
Obsedees,3,3,3,2
Obs?d?es,3,3,3,2
Obs?der,3,3,3,2
Obsedes,3,3,3,2
Obs?d?s,3,3,3,2
obsessive,3,3,3,2
obsessives,3,3,3,2
?strog?ne,3,3,1,0
?strog?nes,3,3,1,0
orgasme,3,3,2,1
orgasmes,3,3,2,1
orgasmique,3,3,2,1
orgasmiques,3,3,2,1
orgie,3,3,3,2
orgies,3,3,3,2
otiste,3,3,2,2
otistes,3,3,2,2
pali,2,2,1,0
p?li,2,2,1,0
palie,2,2,1,0
p?lie,2,2,1,0
palies,2,2,1,0
p?lies,2,2,1,0
palir,2,2,1,0
p?lir,2,2,1,0
palira,2,2,1,0
p?lira,2,2,1,0
palirai,2,2,1,0
p?lirai,2,2,1,0
palirais,2,2,1,0
p?lirais,2,2,1,0
palirait,2,2,1,0
p?lirait,2,2,1,0
paliras,2,2,1,0
p?liras,2,2,1,0
palirez,2,2,1,0
p?lirez,2,2,1,0
palirons,2,2,1,0
p?lirons,2,2,1,0
paliront,2,2,1,0
p?liront,2,2,1,0
palis,2,2,1,0
p?lis,2,2,1,0
palissais,2,2,1,0
p?lissais,2,2,1,0
palissait,2,2,1,0
p?lissait,2,2,1,0
palissant,2,2,1,0
p?lissant,2,2,1,0
palissent,2,2,1,0
p?lissent,2,2,1,0
palissez,2,2,1,0
p?lissez,2,2,1,0
palissons,2,2,1,0
p?lissons,2,2,1,0
palit,2,2,1,0
p?lit,2,2,1,0
parano?de,3,3,2,2
parano?des,3,3,2,2
Parasite,3,3,2,2
parasites,3,3,2,2
partie,3,3,1,0
parties,3,3,1,0
party,3,3,1,0
pastis,3,3,2,1
Patate,2,2,1,0
patates,2,2,1,0
Paum?,3,2,1,0
Paum?e,3,2,1,0
Paum?es,3,2,1,0
paumer,3,2,1,0
Paum?s,3,2,1,0
P?dale,4,4,3,3
P?dales,4,4,3,3
p?d?,4,4,3,3
pedophile,4,4,4,3
p?dophile,4,4,4,3
pedophiles,4,4,4,3
p?dophiles,4,4,4,3
P?dophilie,4,4,4,3
P?dophilie,4,4,4,3
Peigne-cul,3,3,3,2
pelota,3,3,3,2
pelotai,3,3,3,2
pelotais,3,3,3,2
pelotait,3,3,3,2
pelotant,3,3,3,2
pelotas,3,3,3,2
pelote,3,3,3,2
pelot?,3,3,3,2
pelot?e,3,3,3,2
pelot?es,3,3,3,2
pelotent,3,3,3,2
peloter,3,3,3,2
pelotera,3,3,3,2
peloterai,3,3,3,2
peloterais,3,3,3,2
peloterait,3,3,3,2
peloteras,3,3,3,2
peloterez,3,3,3,2
peloterons,3,3,3,2
peloteront,3,3,3,2
pelotes,3,3,3,2
pelot?s,3,3,3,2
pelotez,3,3,3,2
pelotons,3,3,3,2
penetra,3,3,2,1
p?n?tra,3,3,2,1
p?n?trai,3,3,2,1
penetrais,3,3,2,1
p?n?trais,3,3,2,1
penetration,3,3,2,1
p?n?tration,3,3,2,1
penetr?,3,3,2,1
p?n?tr?,3,3,2,1
penetr?e,3,3,2,1
p?n?tr?e,3,3,2,1
penetrer,3,3,2,1
p?n?trera,3,3,2,1
P?quenot,2,2,1,1
Pervers,3,3,2,2
Pervers,3,3,2,2
Perversion,3,3,2,2
petasse,3,3,3,3
P?tasse,3,3,3,3
P?tasses,3,3,3,3
peur,3,3,2,1
Peur panique,3,3,2,1
peureuse,3,3,2,1
peureuses,3,3,2,1
peureux,3,3,2,1
Phobie,3,3,2,1
Phobie sociale,3,3,2,1
Phobies,3,3,2,1
Pietre,3,2,2,1
Pi?tre,3,2,2,1
Pietres,3,2,2,1
Pi?tres,3,2,2,1
Pigeon,2,2,1,1
pigeonne,2,2,1,1
pigeonnes,2,2,1,1
pigeons,2,2,1,1
Pignouf,2,2,1,1
pignoufs,2,2,1,1
Pinailleur,2,2,1,0
pinailleurs,2,2,1,0
pinailleuse,2,2,1,0
pinailleuse,2,2,1,0
pinar,2,2,1,0
pipe,3,3,3,2
pip?razines,3,3,3,3
pipes,3,3,3,2
pisseur,3,3,2,1
pisseurs,3,3,2,1
Pisseuse,3,3,2,1
pisseuses,3,3,2,1
pistolet,3,3,3,2
pistolets,3,3,3,2
Pleutre,3,3,2,1
Pleutres,3,3,2,1
Plouc,3,3,2,1
ploucs,3,3,2,1
Point G,3,3,3,2
poitrine,3,3,2,1
poker,3,3,2,1
polemique,2,2,1,0
pol?mique,2,2,1,0
polemiques,2,2,1,0
pol?miques,2,2,1,0
poliakov,3,3,2,1
poppers,3,3,3,3
Pornographie,3,3,2,2
Pouffe,3,3,2,1
pouffes,3,3,2,1
Pouffiasse,3,3,2,2
poufiasses,3,3,2,2
pouilleuse,3,3,2,1
pouilleuses,3,3,2,1
Pouilleux,3,3,2,1
Pourriture,3,3,2,2
pourritures,3,3,2,2
poussais,3,3,2,1
poussait,3,3,2,1
pousser,3,3,2,1
poussera,3,3,2,1
pousserai,3,3,2,1
pousserais,3,3,2,1
Pratique orale,3,3,3,2
Pr?liminaires,3,3,3,2
preservatif,3,3,2,1
pr?servatif,3,3,2,1
preservatifs,3,3,2,1
pr?servatifs,3,3,2,1
Pr?vention sexuelle,3,3,3,2
Prostitution,3,3,3,2
protoxyde d’azote,3,3,3,3
Psychose,3,3,3,3
psychosexuel,3,3,3,3
Punaise,2,1,0,0
putain,3,3,2,1
Putassi?re,3,3,2,1
Pute,3,3,3,3
Pyromane,3,3,3,2
Pyromanes,3,3,3,2
Pyromanie,3,3,3,2
queue,3,3,3,1
Quiche,3,3,2,0
rabzouz,4,4,3,3
racaille,3,3,1,0
racailles,3,3,1,0
race,3,3,3,3
rachacha,3,3,3,3
racketta,3,3,2,2
rackettage,3,3,2,2
rackettai,3,3,2,2
rackettais,3,3,2,2
rackettait,3,3,2,2
rackettant,3,3,2,2
rackettas,3,3,2,2
rackette,3,3,2,2
rackett?,3,3,2,2
rackett?e,3,3,2,2
rackett?es,3,3,2,2
rackettent,3,3,2,2
racketter,3,3,2,2
rackettera,3,3,2,2
racketterai,3,3,2,2
racketterais,3,3,2,2
racketterait,3,3,2,2
racketteras,3,3,2,2
racketterez,3,3,2,2
racketterons,3,3,2,2
racketteront,3,3,2,2
rackettes,3,3,2,2
rackett?s,3,3,2,2
rackettez,3,3,2,2
rackettons,3,3,2,2
Radin,2,2,1,0
radine,2,2,1,0
radines,2,2,1,0
radins,2,2,1,0
railla,3,3,2,1
raillai,3,3,2,1
raillais,3,3,2,1
raillait,3,3,2,1
raillant,3,3,2,1
raillas,3,3,2,1
raille,3,3,2,1
raill?,3,3,2,1
raill?e,3,3,2,1
raill?es,3,3,2,1
raillent,3,3,2,1
railler,3,3,2,1
raillera,3,3,2,1
raillerai,3,3,2,1
raillerais,3,3,2,1
raillerait,3,3,2,1
railleras,3,3,2,1
raillerez,3,3,2,1
raillerons,3,3,2,1
railleront,3,3,2,1
railles,3,3,2,1
raill?s,3,3,2,1
railleur,3,3,2,1
railleurs,3,3,2,1
railleuse,3,3,2,1
railleuses,3,3,2,1
raillez,3,3,2,1
raillons,3,3,2,1
Rapport sexuel,3,3,3,3
red bull,3,3,1,0
relation,2,2,1,0
renegat,3,3,2,1
ren?gat,3,3,2,1
renegate,3,3,2,1
ren?gate,3,3,2,1
renegates,3,3,2,1
ren?gates,3,3,2,1
renegats,3,3,2,1
ren?gats,3,3,2,1
Retard mental,3,3,3,3
reubes,4,4,3,3
rhum,3,3,2,1
ricard,3,3,2,1
ridicule,2,2,1,0
ridicules,2,2,1,0
ridiculisa,2,2,1,0
ridiculisai,2,2,1,0
ridiculisaient,2,2,1,0
ridiculisais,2,2,1,0
ridiculisait,2,2,1,0
ridiculisant,2,2,1,0
ridiculisas,2,2,1,0
ridiculise,2,2,1,0
ridiculis?,2,2,1,0
ridiculis?e,2,2,1,0
ridiculis?e,2,2,1,0
ridiculis?es,2,2,1,0
ridiculisent,2,2,1,0
ridiculiser,2,2,1,0
ridiculisera,2,2,1,0
ridiculiserai,2,2,1,0
ridiculiserais,2,2,1,0
ridiculiserait,2,2,1,0
ridiculiseras,2,2,1,0
ridiculiserez,2,2,1,0
ridiculiserons,2,2,1,0
ridiculiseront,2,2,1,0
ridiculises,2,2,1,0
ridiculis?s,2,2,1,0
ridiculisez,2,2,1,0
ridiculisiez,2,2,1,0
ridiculisions,2,2,1,0
ridiculisons,2,2,1,0
risque,2,2,1,0
risques,2,2,1,0
Roublard,3,3,2,1
Roublarde,3,3,2,1
Roublardes,3,3,2,1
Roublards,3,3,2,1
sa mere,3,3,3,2
sa m?re,3,3,3,2
Sadisme,4,4,4,4
Sadomasochisme,4,4,4,4
Sadomasochisme,4,4,4,4
sake,3,3,2,1
sak?,3,3,2,1
Salaud,3,3,2,1
salauds,3,3,2,1
sale,3,2,1,1
sale juif,4,4,4,4
sale race,4,4,4,4
sales,3,2,1,1
Salet?,3,3,2,1
saletes,3,3,2,1
Saligaud,3,3,2,1
Saligaude,3,3,2,1
Saligaudes,3,3,2,1
Saligauds,3,3,2,1
Salopard,3,3,2,1
Salopards,3,3,2,1
Salope,3,3,3,2
Saloperie,3,3,2,1
Saloperies,3,3,2,1
Salopes,3,3,3,2
Salopiaud,3,3,2,1
salopiauds,3,3,2,1
sang,3,3,2,0
sang froid,3,2,1,0
sang-froid,3,2,1,0
Sauvage,3,3,2,1
sauvages,3,3,2,1
sbire,2,2,1,0
sbires,2,2,1,0
Scatophile,4,4,3,3
Scatophiles,4,4,3,3
scelerat,3,3,2,1
sc?l?rat,3,3,2,1
Scelerate,3,3,2,1
sc?l?rate,3,3,2,1
Scelerates,3,3,2,1
sc?l?rates,3,3,2,1
Scelerats,3,3,2,1
sc?l?rats,3,3,2,1
Schizo,4,4,4,3
Schizophrene,4,4,4,3
Schizophr?ne,4,4,4,3
Schizophr?nie,4,4,4,3
Schnock,3,2,2,1
Schnocks,3,2,2,1
scotch,3,3,2,1
seins,3,3,2,1
sex,3,3,2,1
sex on the bitch,3,3,2,1
sexe,3,3,2,1
sexologie,3,3,2,1
Sexose,3,3,2,1
Sexuation,3,3,2,1
Sexu?,3,3,2,1
sexuel,3,3,2,1
sexuelle,3,3,2,1
sexuelles,3,3,2,1
sexuels,3,3,2,1
Sodomie,3,3,3,3
Sodomies,3,3,3,3
Sot,2,2,1,0
sots,2,2,1,0
sotte,2,2,1,0
sottes,2,2,1,0
souffert,2,2,2,1
souffrance,2,2,2,1
souffrances,2,2,2,1
souffre,2,2,2,1
souffrir,2,2,2,1
souffrira,2,2,2,1
souffrirai,2,2,2,1
souffrirais,2,2,2,1
souffrirons,2,2,2,1
souffrons,2,2,2,1
souffront,2,2,2,1
soutien gorge,3,3,1,0
soutien-gorge,3,3,1,0
sperme,3,3,3,2
stimulant,3,3,2,1
stiptease,3,3,3,2
stress,3,3,3,3
string,3,3,2,1
strip,3,3,3,2
strip tease,3,3,3,2
strip-tease,3,3,3,2
stupide,3,3,2,0
stupides,3,3,2,0
suca,3,3,3,2
sucais,3,3,3,2
sucait,3,3,3,2
suce,3,3,3,2
suc?,3,3,3,2
suc?e,3,3,3,2
sucer,3,3,3,2
sucera,3,3,3,2
suicida,3,3,3,2
suicidai,3,3,3,2
suicidais,3,3,3,2
suicidait,3,3,3,2
suicidant,3,3,3,2
suicidas,3,3,3,2
suicide,3,3,3,2
suicid?,3,3,3,2
suicid?e,3,3,3,2
suicid?es,3,3,3,2
suicident,3,3,3,2
suicidera,3,3,3,2
suiciderai,3,3,3,2
suiciderais,3,3,3,2
suiciderait,3,3,3,2
suicideras,3,3,3,2
suiciderez,3,3,3,2
suiciderons,3,3,3,2
suicideront,3,3,3,2
suicides,3,3,3,2
suicid?s,3,3,3,2
suicidez,3,3,3,2
suicidons,3,3,3,2
ta mere,3,3,3,2
ta m?re,3,3,3,2
tabac,3,3,2,1
Tafiole,3,3,3,2
tafioles,3,3,3,2
Tar?,3,3,3,2
Tar?e,3,3,3,2
Tar?es,3,3,3,2
Tar?s,3,3,3,2
tequila,3,3,2,1
terreur,3,3,2,2
Terreur nocturne,3,3,3,2
terrorisa,3,3,3,2
terrorisai,3,3,3,2
terrorisai,3,3,3,2
terrorisais,3,3,3,2
terrorisais,3,3,3,2
terrorisait,3,3,3,2
terrorisait,3,3,3,2
terrorise,3,3,3,2
terroris?,3,3,3,2
terroris?e,3,3,3,2
terroris?es,3,3,3,2
terroriser,3,3,3,2
terroriser,3,3,3,2
terrorisera,3,3,3,2
terrorisera,3,3,3,2
terroriserai,3,3,3,2
terroriserai,3,3,3,2
terroriserais,3,3,3,2
terroriserais,3,3,3,2
terroriserons,3,3,3,2
terroriserons,3,3,3,2
terroriseront,3,3,3,2
terroriseront,3,3,3,2
terrorisez,3,3,3,2
terrorisme,3,3,3,2
terrorisont,3,3,3,2
terroriste,3,3,3,2
terroristes,3,3,3,2
testicule,3,3,3,2
testicules,3,3,3,2
teuch,3,3,3,2
Th?rapie ,3,3,2,2
tira,3,3,2,1
tirai,3,3,2,1
tiraient,3,3,2,1
tirais,3,3,2,1
tirait,3,3,2,1
tirant,3,3,2,1
tiras,3,3,2,1
tire,3,3,2,1
tir?,3,3,2,1
tir?e,3,3,2,1
tir?es,3,3,2,1
tirent,3,3,2,1
tirer,3,3,2,1
tirera,3,3,2,1
tirerai,3,3,2,1
tireraient,3,3,2,1
tirerais,3,3,2,1
tirerait,3,3,2,1
tireras,3,3,2,1
tirerez,3,3,2,1
tireriez,3,3,2,1
tirerions,3,3,2,1
tirerons,3,3,2,1
tireront,3,3,2,1
tires,3,3,2,1
tir?s,3,3,2,1
tireur,3,3,2,1
tireurs,3,3,2,1
tireuse,3,3,2,1
tireuses,3,3,2,1
tirez,3,3,2,1
tirons,3,3,2,1
Tocard,3,3,2,2
Tocarde,3,3,2,2
Tocardes,3,3,2,2
Tocards,3,3,2,2
Toxic,3,3,2,2
Toxicit?,3,3,2,2
Toxique,3,3,2,2
Train?e,3,3,2,2
Train?es,3,3,2,2
trancha,3,3,2,1
tranchai,3,3,2,1
tranchais,3,3,2,1
tranchait,3,3,2,1
tranchant,3,3,2,1
tranchas,3,3,2,1
tranche,3,3,2,1
tranch?,3,3,2,1
tranch?e,3,3,2,1
tranch?es,3,3,2,1
tranchent,3,3,2,1
trancher,3,3,2,1
tranchera,3,3,2,1
trancherai,3,3,2,1
trancherais,3,3,2,1
trancherait,3,3,2,1
trancheras,3,3,2,1
trancherez,3,3,2,1
trancherons,3,3,2,1
trancheront,3,3,2,1
tranches,3,3,2,1
tranch?s,3,3,2,1
tranchez,3,3,2,1
tranchons,3,3,2,1
Transsexualisme,3,3,3,2
traumatisa,3,3,2,2
traumatisai,3,3,2,2
traumatisais,3,3,2,2
traumatisait,3,3,2,2
traumatisant,3,3,2,2
traumatisas,3,3,2,2
traumatise,3,3,2,2
traumatis?,3,3,2,2
traumatisee,3,3,2,2
traumatis?e,3,3,2,2
traumatisees,3,3,2,2
traumatis?es,3,3,2,2
traumatisent,3,3,2,2
traumatiser,3,3,2,2
traumatisera,3,3,2,2
traumatiserai,3,3,2,2
traumatiserais,3,3,2,2
traumatiserait,3,3,2,2
traumatiseras,3,3,2,2
traumatiserez,3,3,2,2
traumatiserons,3,3,2,2
traumatiseront,3,3,2,2
traumatises,3,3,2,2
traumatis?s,3,3,2,2
traumatisez,3,3,2,2
traumatisme,3,3,2,2
traumatismes,3,3,2,2
traumatisons,3,3,2,2
travestie,3,3,3,2
Travestisme,3,3,3,2
Tricard,3,2,1,0
Tricarde,3,2,1,0
Tricardes,3,2,1,0
Tricards,3,2,1,0
tricha,3,3,2,1
trichai,3,3,2,1
trichais,3,3,2,1
trichait,3,3,2,1
trichant,3,3,2,1
trichas,3,3,2,1
triche,3,3,2,1
trich?,3,3,2,1
trichee,3,3,2,1
trich?e,3,3,2,1
trichees,3,3,2,1
trich?es,3,3,2,1
trichent,3,3,2,1
tricher,3,3,2,1
trichera,3,3,2,1
tricherai,3,3,2,1
tricherais,3,3,2,1
tricherait,3,3,2,1
tricheras,3,3,2,1
tricherez,3,3,2,1
tricherie,3,3,2,1
tricherons,3,3,2,1
tricheront,3,3,2,1
triches,3,3,2,1
triches,3,3,2,1
trich?s,3,3,2,1
trichez,3,3,2,1
trichons,3,3,2,1
Triple Buse,3,2,1,0
triste,3,3,2,1
trompa,3,3,2,2
trompai,3,3,2,2
trompais,3,3,2,2
trompait,3,3,2,2
trompant,3,3,2,2
trompas,3,3,2,2
trompe,3,3,2,2
tromp?,3,3,2,2
tromp?e,3,3,2,2
tromp?es,3,3,2,2
trompent,3,3,2,2
tromper,3,3,2,2
trompera,3,3,2,2
tromperai,3,3,2,2
tromperais,3,3,2,2
tromperait,3,3,2,2
tromperas,3,3,2,2
tromperie,3,3,2,2
tromperons,3,3,2,2
tromperont,3,3,2,2
trompes,3,3,2,2
tromp?s,3,3,2,2
trompeur,3,3,2,2
trompeurs,3,3,2,2
trompeuse,3,3,2,2
trompeuses,3,3,2,2
trompez,3,3,2,2
trompons,3,3,2,2
trou,3,3,2,2
Trou De Balle,3,3,3,3
Trou Du Cul,3,3,3,3
troublai,3,3,2,1
troublais,3,3,2,1
troublait,3,3,2,1
trouble,3,3,2,1
troubl?,3,3,2,1
Trouble de la personnalit? ,3,3,3,3
troubl?e,3,3,2,1
troubler,3,3,2,1
troublera,3,3,2,1
troublerai,3,3,2,1
troublerais,3,3,2,1
troublerons,3,3,2,1
troubleront,3,3,2,1
troublons,3,3,2,1
troue,3,3,2,1
troues,3,3,2,1
trous,3,3,2,1
Truand,3,3,2,1
Truande,3,3,2,1
Truandes,3,3,2,1
Truands,3,3,2,1
tua,3,3,3,2
tuai,3,3,3,2
tuais,3,3,3,2
tuait,3,3,3,2
tuant,3,3,3,2
tuas,3,3,3,2
tue,3,3,3,2
tu?,3,3,3,2
tu?e,3,3,3,2
tu?es,3,3,3,2
tuer,3,3,3,2
tuera,3,3,3,2
tuerai,3,3,3,2
tueras,3,3,3,2
tuerez,3,3,3,2
tuerons,3,3,3,2
tueront,3,3,3,2
tues,3,3,3,2
tu?s,3,3,3,2
tueur,3,3,3,2
tueurs,3,3,3,2
tueuse,3,3,3,2
tueuses,3,3,3,2
tuez,3,3,3,2
tuons,3,3,3,2
Usurpateur,3,3,2,1
Usurpateurs,3,3,2,1
Usurpatrice,3,3,2,1
Usurpatrices,3,3,2,1
Va Te Faire,3,3,3,3
vagin,3,3,2,1
vaginal,3,3,2,1
vaginale,3,3,2,1
vaginales,3,3,2,1
vagins,3,3,2,1
Vandale,3,3,2,1
Vandales,3,3,2,1
Vaurien,3,3,2,1
Vaurienne,3,3,2,1
Vauriennes,3,3,2,1
Vauriens,3,3,2,1
vautour,3,3,2,1
Vautour,3,3,2,1
Vermine,3,3,2,2
vermines,3,3,2,2
vexa,3,2,1,1
vexai,3,2,1,1
vexai,3,2,1,1
vexaient,3,2,1,1
vexais,3,2,1,1
vexait,3,2,1,1
vexant,3,2,1,1
vexas,3,2,1,1
vexas,3,2,1,1
vexe,3,2,1,1
vex?,3,2,1,1
vex?e,3,2,1,1
vex?es,3,2,1,1
vexent,3,2,1,1
vexer,3,2,1,1
vexera,3,2,1,1
vexerai,3,2,1,1
vexeras,3,2,1,1
vexerez,3,2,1,1
vexerons,3,2,1,1
vexeront,3,2,1,1
vexes,3,2,1,1
vex?s,3,2,1,1
vexez,3,2,1,1
vexons,3,2,1,1
vibromasseur,3,3,2,1
vibromasseurs,3,3,2,1
Vicelard,3,3,2,2
Vicelarde,3,3,2,2
Vicelardes,3,3,2,2
Vicelards,3,3,2,2
vin,3,3,2,1
viol,4,4,4,3
viola,4,4,4,3
violais,4,4,4,3
violais,4,4,4,3
violait,4,4,4,3
violance,4,4,4,3
viol?,4,4,4,3
viol?e,4,4,4,3
violer,4,4,4,3
violerai,4,4,4,3
violerais,4,4,4,3
violerait,4,4,4,3
Vioque,3,2,1,0
vodka,3,3,2,1
Voleur,3,3,2,1
voleurs,3,3,2,1
voleuse,3,3,2,1
voleuses,3,3,2,1
Vorace,2,2,1,0
voraces,2,2,1,0
voyeur,3,3,3,3
Voyeurisme,3,3,3,3
voyeurs,3,3,3,3
Voyou,3,3,3,2
voyous,3,3,3,2
weed,3,3,3,1
whisky,3,3,2,1
xl,3,3,1,0
xxx,3,3,2,2
Z?ro,2,2,1,0
zoophile,4,4,4,4
zoophiles,4,4,4,4
Zoophilie,4,4,4,4
zouave,3,3,2,2
Zouaves,3,3,2,2
